GID;NOMBRE;OBSERVACIONES;TIPO_LOCAL_SEL_DOM;THE_GEOM.SDO_POINT.X;THE_GEOM.SDO_POINT.Y
 1311;Autoservice DEL FUERTE;;Supermercado; 580672.113988946; 6143020.839922045
 1312;Autoservice OCASION;;Supermercado; 578446.329683488; 6143034.596149962
 1318;Autoservice;;Supermercado; 581221.81219922; 6144986.810070707
 1319;Autoservice RED MARKET;;Supermercado; 587156.942811954; 6151347.658070256
 1327;Autoservice DON PEPE;;Supermercado; 578965.178007923; 6148454.268089012
 1328;Autoservice ECO;;Supermercado; 574994.262898621; 6143230.159653527
 1334;Autoservice ZUM FELDE;;Supermercado; 582188.838299198; 6140041.782840298
 1342;Autoservice LUCAS;;Supermercado; 586693.078038342; 6140422.46252536
 1343;Autoservice KINKO 8;;Supermercado; 585712.725798467; 6139788.716507608
 1350;Autoservice LA BOHEMIA 2;;Supermercado; 572811.520290333; 6143815.930355296
 1358;Autoservice PARIS;En 5472;Supermercado; 570785.516703386; 6146748.986020018
 1363;Autoservice ;;Supermercado; 568886.863502038; 6149158.410903092
 1364;Autoservice UNICENTRO;;Supermercado; 568646.119953225; 6149456.219722576
 1332;Autoservice LOS PARAISOS;En 6125;Supermercado; 576320.746838124; 6149847.679272592
 1346;Autoservice VITER;;Supermercado; 570286.280311219; 6145215.652974054
 1349;Autoservice ARIEL;En 4499;Supermercado; 572349.690041289; 6144155.293803366
 1352;Autoservice CC. MM. CANTINA MILITAR;;Supermercado; 574166.459521822; 6145392.617673837
 1353;Autoservice LA FAMILIA;;Supermercado; 573113.291782423; 6145853.563873172
 1366;Supermercado TATA;;Supermercado; 578576.580187599; 6146237.502744216
 1369;Autoservice LA CRUZ;En Av BOLIVIA 2895;Supermercado; 582544.872516698; 6140701.957425646
 1368;Autoservice FERIA VEGETAL;Av Italia 5558;Supermercado; 583399.281494626; 6139480.807416554
 1370;Autoservice SAN CONO;En 3682;Supermercado; 566493.393268971; 6139202.871838735
 1330;Autoservice IBIZA 2;En 4711;Supermercado; 577154.173258639; 6146376.974528796
 1340;Autoservice SUPER SOL;Esquina AMAZONAS;Supermercado; 582200.205677874; 6138131.486159654
 1348;Autoservice LAS BARRERAS;En 4835;Supermercado; 571634.46628904; 6145118.569572822
 224;Supermercado MULTIAHORRO;Cont. 2;Supermercado; 568828.615129372; 6140734.399652062
 226;Supermercado TATA;Cont. 2;Supermercado; 568712.811841833; 6138863.977903288
 227;Supermercado EXPRESS 1;Cont. 2;Supermercado; 570198.437769851; 6141192.995677617
 229;Supermercado EXPRESS 6;;Supermercado; 571250.616054534; 6141660.396538003
 244;Supermercado MICRO MARCO;;Supermercado; 580373.405192618; 6141452.337595222
 245;Supermercado DISCO;;Supermercado; 579253.08511584; 6142464.076644134
 246;Supermercado MULTIAHORRO_TATA;;Supermercado; 580128.459973331; 6144237.85285153
 247;SUPERMERCADO;EN 4208;Supermercado; 578573.652616214; 6145808.205112946
 248;Supermercado CONTINENTE;;Supermercado; 578747.363405118; 6146945.971000547
 263;Supermercado TATA;;Supermercado; 577554.769489092; 6142181.216372173
 264;Supermercado TIENDA INGLESA;EN 3771;Supermercado; 576293.915666557; 6141482.147093452
 265;Supermercado TATA;;Supermercado; 578516.24182785; 6145599.89329955
 5;Supermercado TIENDA INGLESA;EN 966;Supermercado; 577720.648161863; 6136163.72071007
 20;Supermercado DEVOTO;;Supermercado; 574771.538955497; 6141104.512961093
 22;Supermercado DISCO;;Supermercado; 578151.026113242; 6136703.224560775
 25;Supermercado MULTIAHORRO;;Supermercado; 573667.875171512; 6142910.216736346
 26;Supermercado MULTIAHORRO;;Supermercado; 576910.935518398; 6136542.247157819
 102;Supermercado TATA;EN 1280;Supermercado; 574143.683798694; 6137099.985710179
 106;Supermercado TATA;EN 880;Supermercado; 573310.769787131; 6137032.2825304
 200;Supermercado DEVOTO;Garzón 1939;Supermercado; 571095.999982543; 6148296.286097706
 201;Supermercado TATA;;Supermercado; 571102.645654716; 6148361.415909847
 209;Supermercado MULTIAHORRO;AV LEZICA 6345;Supermercado; 568801.007248646; 6149251.130172414
 243;Supermercado TIENDA INGLESA;EN 4086;Supermercado; 579063.754951796; 6140953.419965682
 251;Supermercado DISCO;RUTA 8 7720;Supermercado; 583549.678903254; 6148565.198838606
 253;Supermercado MACROMERCADO;EN 6783;Supermercado; 582113.234458791; 6146062.087727497
 260;Supermercado DEVOTO;;Supermercado; 578260.754409086; 6140296.890734846
 261;Supermercado TATA;EN 3721;Supermercado; 578468.537661497; 6140440.326774444
 262;Supermercado TATA;;Supermercado; 576599.50822783; 6142741.241451899
 356;Supermercado DEVOTO;;Supermercado; 584073.603819469; 6138370.707296989
 363;Supermercado MULTIAHORRO;;Supermercado; 585070.626831602; 6140922.679977774
 353;Supermercado TATA;;Supermercado; 584172.578637645; 6139760.042132065
 355;Supermercado DEVOTO;;Supermercado; 584152.617624; 6139756.923223683
 357;Supermercado DEVOTO;;Supermercado; 585300.871904751; 6138407.151387418
 358;Supermercado TIENDA INGLESA;;Supermercado; 586012.753791019; 6139019.52338386
 362;Supermercado DEVOTO;;Supermercado; 586160.455966168; 6140125.553992217
 1316;Autoservice SUPER DESCUENTO;;Supermercado; 578610.182328744; 6146153.700807696
 1325;Autoservice IBIZA;;Supermercado; 578674.339847156; 6146739.302528896
 1337;Autoservice RED MARKET 13;;Supermercado; 580019.058136977; 6139121.75246532
 1378;En vía pública;C12-n10, Fte. 2208;Supermercado; 576221.32444276; 6135661.484042767
 1285;Autoservice EL CLON;;Supermercado; 571444.568288198; 6142485.209864684
 1288;Autoservice MANJARES;;Supermercado; 570340.724029463; 6142727.560924958
 1292;Autoservice EL CLON;;Supermercado; 568493.436071583; 6140658.591695999
 1299;Autoservice  LOS PORTONES;;Supermercado; 561128.443399248; 6142173.258933983
 1300;Autoservice MULTI ECO;;Supermercado; 566421.803529741; 6144907.701199216
 1304;Autoservice ;;Supermercado; 559213.283554786; 6150060.14036244
 1309;Autoservice RED MARKET 11;;Supermercado; 565288.094226123; 6146429.28539652
 1313;Autoservice SUPER;;Supermercado; 577895.800491526; 6143136.502530525
 1322;Autoservice DEPOSITO MAYORISTA;;Supermercado; 577192.249213266; 6140903.728743459
 1310;Autoservice SUPER LOS 33;;Supermercado; 580730.581837694; 6140868.448540674
 1314;Autoservice BETINA;;Supermercado; 579089.558808988; 6143710.660563896
 1315;Autoservice SUPER;;Supermercado; 579056.680810144; 6143761.404591958
 1317;Autoservice FRIGO 2000;;Supermercado; 579214.947785756; 6144538.77295967
 1326;Autoservice TAMISUR;;Supermercado; 579021.578555289; 6150814.660033466
 1329;Autoservice LA RANITA;En 4468;Supermercado; 577845.350779746; 6146833.634740812
 1331;Autoservice FRIGO;En 3086;Supermercado; 576643.361061042; 6148065.79040134
 1333; Autoservice FRIGO REY;;Supermercado; 582221.68996278; 6139988.245126888
 1336;Autoservice SUPERMERCADO;En 2148;Supermercado; 578092.228959657; 6139177.917001514
 1351;Autoservice FRIGO;;Supermercado; 573726.007913015; 6144660.715912214
 1359;Autoservice SAN ROQUE;En 1945;Supermercado; 571050.505709344; 6148329.545215664
 1362;Autoservice SUPERTOTIS;;Supermercado; 570394.147771898; 6149183.553308901
 1391;En vía pública;C12-n35, Pasando 790;Supermercado; 576265.972799931; 6136129.894447236
 1282;Autoservice NUEVO PORVENIR;;Supermercado; 571688.016622907; 6141968.716857893
 1287;Autoservice MARYMAR;;Supermercado; 571202.380293901; 6142736.386179178
 1308;Autoservice DEL RIO;En 193;Supermercado; 559190.771256873; 6150131.719818724
 54;Supermercado DISCO;EN 1318;Supermercado; 577213.096452687; 6137089.981847698
 290;Supermercado FRIGO;EN 3209;Supermercado; 578017.716347102; 6139438.735696514
 293;Supermercado TATA;;Supermercado; 577808.385440962; 6139948.62598761
 326;Supermercado MULTIAHORRO;;Supermercado; 578471.495548053; 6140165.377956446
 332;Supermercado TATA;EN 4361;Supermercado; 580122.046535171; 6140504.691333269
 335;Supermercado MULTIAHORRO;EN 4656;Supermercado; 580642.80672802; 6140810.394031685
 341;Supermercado MULTIAHORRO;EN 4498;Supermercado; 580940.38593671; 6139724.029515093
 344;Supermercado DISCO;;Supermercado; 579931.540978992; 6138605.189018345
 345;Supermercado MULTIAHORRO;EN 4250;Supermercado; 580239.613791692; 6138135.79513426
 69;Supermercado MULTIAHORRO;;Supermercado; 575544.715179337; 6136959.666665068
 77;Supermercado TATA;EN 1593;Supermercado; 574741.77130263; 6137297.171113948
 128;Supermercado DISCO;;Supermercado; 575143.422235746; 6137854.849786416
 179;Supermercado ADONIS;;Supermercado; 571489.068389821; 6142455.53658413
 219;Supermercado EXPRESS 7;Cont. 2;Supermercado; 570859.496116329; 6142565.852002566
 221;Supermercado MACROMERCADO;Cont. 3;Supermercado; 567407.476161794; 6144582.34924653
 222;Supermercado MACROMERCADO;Cont. 3;Supermercado; 570279.652827312; 6142002.539374274
 223;Supermercado MULTIAHORRO;Cont. 2;Supermercado; 569739.020992875; 6141476.858882435
 228;Supermercado DEVOTO;;Supermercado; 570999.4840143; 6143035.812972518
 259;Supermercado MULTIAHORRO;EN 4649;Supermercado; 577213.12896684; 6143699.936191125
 342;Supermercado MULTIAHORRO;EN 3796;Supermercado; 579485.682547166; 6139143.503676508
 346;Supermercado DEVOTO;;Supermercado; 580801.77611867; 6138443.466925808
 348;Supermercado DEVOTO;EN 1444;Supermercado; 581524.668026574; 6138241.397174988
 349;Supermercado DISCO;;Supermercado; 582353.060035405; 6138801.121591249
 350;Supermercado FRIGO;;Supermercado; 582245.553572998; 6139951.5093816
 351;Supermercado TIENDA INGLESA;;Supermercado; 583894.864012082; 6139566.378998748
 27;Supermercado DISCO;;Supermercado; 576720.547128642; 6136252.044543762
 23;Supermercado DEVOTO;;Supermercado; 574901.553098284; 6138543.571404656
 29;Supermercado DEVOTO;;Supermercado; 576974.455454594; 6135611.949942578
 32;Supermercado DISCO;;Supermercado; 578139.393830044; 6138342.310022756
 43;Supermercado DISCO;EN 2628;Supermercado; 577112.428233802; 6136027.030392215
 51;Supermercado DISCO;EN 2681;Supermercado; 576689.964939331; 6138855.859645564
 57;Supermercado DISCO;Agraciada 2986;Supermercado; 573238.161828685; 6140422.001199988
 61;Supermercado TATA;EN MONTEVIDEO SHOPPING;Supermercado; 578954.228624208; 6137421.099761807
 62;Supermercado DISCO;Marcelino Sosa 2706;Supermercado; 574822.156407347; 6140209.59223008
 70;Supermercado DISCO;;Supermercado; 578430.914154252; 6139119.601485397
 72;Supermercado DEVOTO;;Supermercado; 573494.780177277; 6141708.967511248
 71;Supermercado DISCO;;Supermercado; 575544.35841727; 6137428.369207326
 74;Supermercado MULTIAHORRO;;Supermercado; 576258.027070529; 6139639.548411974
 100;Supermercado DISCO;;Supermercado; 573652.580943473; 6136645.236110669
 103;Supermercado DISCO;;Supermercado; 574271.208539891; 6137500.835942578
 125;Supermercado CLON;;Supermercado; 575781.707606025; 6137772.712556322
 6;Supermercado DEVOTO;EN 1360;Supermercado; 578020.552933088; 6136857.325957842
 24;Supermercado MULTIAHORRO;;Supermercado; 576948.434208252; 6136841.255955968
 28;Supermercado MULTIAHORRO;EN 2226;Supermercado; 575752.375059903; 6138592.980229248
 30;Supermercado MULTIAHORRO;;Supermercado; 579564.703903074; 6138401.932608996
 34;Supermercado MACROMERCADO;;Supermercado; 574897.691851396; 6141423.704236033
 37;Supermercado DISCO FAST;EN 2335;Supermercado; 576393.373067553; 6137635.145957927
 38;Supermercado TIENDA INGLESA;;Supermercado; 573555.878459119; 6142462.235130739
 39;Supermercado DISCO;;Supermercado; 576493.187970378; 6137684.151045338
 47;Supermercado MULTIAHORRO;Cufre 2685;Supermercado; 575774.429563964; 6140182.571012742
 53;Supermercado TATA;EN 1867_DENTRO DE SHOPPING TRES CRUCES;Supermercado; 576254.464536827; 6138503.561519626
 55;Supermercado MULTIAHORRO;;Supermercado; 573719.943565886; 6139454.161556338
 59;Supermercado TIENDA INGLESA;EN MONTEVIDEO SHOPPING;Supermercado; 578962.56578896; 6137375.000144949
 60;Supermercado DEVOTO;;Supermercado; 572252.014925969; 6141622.767843032
 63;Supermercado PLANETA;EN 2348;Supermercado; 576318.069343226; 6137481.253493882
 64;Supermercado DISCO;EN PUNTA CARRETAS SHOPPING;Supermercado; 576855.436033066; 6135044.551907044
 66;Supermercado FRIGO;;Supermercado; 575315.709927339; 6136418.896589284
 67;Supermercado MULTIAHORRO;;Supermercado; 574421.050120701; 6140338.294774339
 82;Supermercado GEANT;;Supermercado; 575963.607396282; 6141197.222711546
 99;Supermercado DISCO;;Supermercado; 574554.204848553; 6136206.10304118
 197;Supermercado TATA;;Supermercado; 571309.305014984; 6142610.634397441
 198;Supermercado DEVOTO;;Supermercado; 572068.989394137; 6144826.378384987
 205;Supermercado MULTIAHORRO;BV JOSE BATLLE Y ORDOÑEZ 6607;Supermercado; 570967.578530427; 6146050.59238667
 220;Supermercado EL MORRO;Cont. 2;Supermercado; 566989.453443381; 6140959.226417221
 133;Complejo MARVIC;;Complejo habitacional; 575452.00171339; 6141248.160608716
 108;Complejo CARIBE AGUADA;Rondeau 2220;Complejo habitacional; 573732.914493574; 6138957.770133779
 115;Complejo LARROBLA;Larrobla 931;Complejo habitacional; 572658.884453692; 6140860.095523486
 123;Complejo 19 DE ABRIL;;Complejo habitacional; 573230.050885484; 6140287.978108986
 151;Complejo SAN FELIPE Y SANTIAGO;;Complejo habitacional; 573000.83415991; 6141705.78162309
 216;COMPLEJO GOES;;Complejo habitacional; 575080.528269224; 6136272.138771845
 241;Complejo CH 83;;Complejo habitacional; 569268.872885317; 6143039.288685409
 94;Complejo GRAL ARTIGAS;;Complejo habitacional; 576195.274291766; 6139789.520580782
 120;Complejo ESPINILLO I;;Complejo habitacional; 573597.851830733; 6140613.744676668
 126;Complejo CUTCSA I;;Complejo habitacional; 573442.0920061; 6141939.176206148
 268;Complejo CH 79;;Complejo habitacional; 578296.909534033; 6146277.365154262
 270;Complejo CH 89 ESCORIAL;;Complejo habitacional; 577055.53333119; 6146876.328735224
 273;COMPLEJO AZOTEA DE LIMA;;Complejo habitacional; 578052.208021021; 6145264.711075212
 215;Edificio TRES CRUCES;EN 1375;Edificio; 574300.164664134; 6137457.084065388
 278;ESCUELA 39 Y 273;;Edificio; 577043.034302417; 6135535.866001287
 294;EDIFICIO NAUTILUS;;Edificio; 577554.784162234; 6135319.287724619
 296;EDIFICIO ORGAMIRA;;Edificio; 577595.432855629; 6135398.125298964
 297;EDIFICIO MONTPELLIER;;Edificio; 577523.683764865; 6136928.052850388
 298;EDIFICIO DELTA;3371;Edificio; 577896.431901388; 6136456.620538532
 299;EDIFICIO CORNAVI;EN 754;Edificio; 577600.655748517; 6135744.300930946
 300;Edificio TORREMINA - 2 TORRES;EN 3767;Edificio; 576667.640615161; 6135478.911603906
 301;EDIFICIO VILLA DESTE;EN 537;Edificio; 576981.323424692; 6135424.15234973
 302;EDIFICIO VIAREGGIO;;Edificio; 577722.182042092; 6136368.707811275
 303;EDIFICIO;EN 3381;Edificio; 577832.607532142; 6136373.516175637
 305;EDIFICIO ;EN 958;Edificio; 577631.028044755; 6136144.973224435
 308;EDIFIFIO;;Edificio; 577836.36820856; 6137032.727295483
 309;EDIFICIO;;Edificio; 578091.960291683; 6136702.180257408
 310;EDIFICIO ;;Edificio; 577391.509813667; 6136806.93893173
 311;EDIFICIO PATRICIA;;Edificio; 577734.331091577; 6136971.672801128
 312;EDIFICIO BARRAMAR;;Edificio; 577925.176050279; 6136750.807507774
 315;EDIFICIO EBRO;EN 3281;Edificio; 578002.105799117; 6136651.701659196
 317;EDIFICIO NOBIGRAN;;Edificio; 577261.622707329; 6135612.67004811
 318;Edificio GANDHI;;Edificio; 577380.705271254; 6135143.942703922
 319;EDIFICIO DE LOS POCITOS;;Edificio; 577701.945037913; 6136508.981033794
 320;EDIFICIO ONGAMIRA;;Edificio; 577885.460441377; 6136308.945392136
 321;EDIFICIO SAINT MICHEL;EN 1377 - 1379;Edificio; 578421.811451281; 6136664.94885921
 322;Edificio BOAVISTA;;Edificio; 577199.88588782; 6134989.333408874
 323;EDIFICIO DELPHOS ;;Edificio; 577727.74443902; 6135947.291659546
 324;EDIFICIO REGEN PARK;;Edificio; 577423.246109264; 6135446.667907366
 325;EDIFICIO HYDE PARK;;Edificio; 577411.34126006; 6135468.570141557
 327;EDIFICIO ;EN 640;Edificio; 577433.921501662; 6135481.460496456
 328;EDIFICIO PUNTA DE LAS CARRETAS;EN 769;Edificio; 577503.196354525; 6135788.664939753
 329;EDIFICIO FIGUERAS;;Edificio; 577555.589105855; 6135915.285158086
 330;EDIFICIO ;;Edificio; 577437.735596164; 6135919.680197026
 333;EDIFICIO FIDGI;EN 2993;Edificio; 577382.112859567; 6135411.929752984
 334;Edificio ZORRILLA;;Edificio; 576728.591037633; 6134763.893314855
 337;EDIFICIO SAN GIULIANO;;Edificio; 577485.003220326; 6135517.366855807
 76;EDIFICIO GRICEL;EN 1208;Edificio; 577762.113798956; 6136655.34520267
 110;EDIFICIO PONT DUGARD;EN 667;Edificio; 577606.414286061; 6135501.898730352
 122;EDIFICIO MERCEDES;;Edificio; 577604.282691062; 6136317.810061526
 129;EDIFICIO BELLEVUE;Agraciada 2863;Edificio; 573418.519132146; 6140171.42738484
 135;EDIFICIO ;;Edificio; 577545.366061312; 6135552.191170524
 162;Edificio NERVI;EN 1586;Edificio; 574874.346220108; 6136253.042544855
 182;EDIFICIO SAINT MICHEL;;Edificio; 577448.355834476; 6136108.356645602
 206;Edificio UFAMA;;Edificio; 575776.543736834; 6138497.634677706
 207;Edificio;EN 1365;Edificio; 574294.359025446; 6137454.682179127
 218;Complejo GOES BPS;;Edificio; 573921.211268469; 6136377.142483798
 280;EDIFICIO AUSTRAL;EN 790;Edificio; 577241.759283319; 6135909.010804535
 304;EDIFICIO CANNES;EN 2980;Edificio; 577723.99480469; 6135675.448657611
 306;EDIFICIO ;;Edificio; 577668.578728225; 6135861.54873714
 307;EDIFICIO VALDEJARA;;Edificio; 576853.255202568; 6136074.551497782
 313;EDIFICIO DORYSOL;;Edificio; 577977.733544696; 6136658.748504073
 316;EDIFICIO MILSOL;;Edificio; 577695.420781414; 6136468.16300942
 131;EDIFICIO NEALI;2931;Edificio; 577557.92694197; 6138822.751591808
 141;EDIFICIO RIO DE LA PLATA;;Edificio; 577733.020926785; 6135748.494092348
 164;Edificio PIAZZA LAMARO I ;EN 1679;Edificio; 575046.911501088; 6136289.229872097
 172;EDIFICIO ARAMAYA;;Edificio; 578163.687256753; 6137130.127579106
 73;EDIFICIO BIARRITZ;;Edificio; 577535.779366757; 6135521.132728625
 78;EDIFICIO 26 DE MARZO;;Edificio; 578495.497343313; 6136996.302265875
 116;EDIFICIO PLAYA PIQUIO;1171;Edificio; 577897.254960806; 6136519.27760598
 208;Edificio;;Edificio; 573881.92023893; 6137191.876823996
 127;EDIFICIO SAINT MAIO;;Edificio; 577645.039441482; 6136258.915074758
 132;EDIFICIO NACIONES UNIDAS;EN 1184;Edificio; 578064.37616027; 6136498.695545493
 160;Edificio COVISUR I;EN 1696;Edificio; 576199.623422575; 6138203.753505764
 169;Edificio TAMPICO;;Edificio; 573177.644295001; 6136594.894883946
 191;TORRE LUIS PIERA;EN DR. LUIS PIERA 1807, 1825, 1835 Y 1841;Edificio; 575386.433584065; 6136214.408180988
 210;Edificio;;Edificio; 575801.940101062; 6138528.858110984
 211;Edificio GUAPORE;EN 1796;Edificio; 573708.838165535; 6138050.639906187
 237;Cooperativa COVINUBEL 1;EN 5375;Cooperativa de viviendas; 568912.985711731; 6143947.297265601
 238;Cooperativa COVINUBEL 2;EN 5395;Cooperativa de viviendas; 568876.204102535; 6143972.308759854
 142;Cooperativa COVIREUS AL SUR;;Cooperativa de viviendas; 574905.323101893; 6136507.93783854
 230;Cooperativa TEBELPA 3;EN 5191;Cooperativa de viviendas; 570603.753475923; 6144113.065364259
 231;Cooperativa COAVIM;;Cooperativa de viviendas; 570838.335828368; 6143758.076195016
 256;Cooperativa MANCHEGA;En 3629;Cooperativa de viviendas; 577867.953565211; 6143482.613649656
 157;Cooperativa RAYUELA;;Cooperativa de viviendas; 576158.810227228; 6137139.41917353
 254;Cooperativa COVIOMBRO;;Cooperativa de viviendas; 580697.092185277; 6143817.496727942
 255;Cooperativa COVICOTER;;Cooperativa de viviendas; 580379.436038407; 6143814.706661592
 269;Cooperativa COVAFI;;Cooperativa de viviendas; 576397.085064794; 6144105.208482454
 373;Cooperativa COVHI;EN 6924;Cooperativa de viviendas; 586202.812702239; 6140975.332134016
 376;Cooperativa COVISUNCA;;Cooperativa de viviendas; 582234.103592507; 6140006.443108028
 379;Cooperativa COVINE 8;;Cooperativa de viviendas; 582198.088612226; 6140061.406529224
 369;Cooperativa COPAGRA;;Cooperativa de viviendas; 583286.531287568; 6139712.728670385
 375;Cooperativa COVIADEOM;;Cooperativa de viviendas; 582229.716274598; 6140012.475670153
 371;Cooperativa UCOVICETA;EN MURGUIONDO 5109;Cooperativa de viviendas; 582183.398301681; 6140078.936539389
 372;Cooperativa ABAYUBA;EN 5513;Cooperativa de viviendas; 582376.617166855; 6140484.722785076
 365;Cooperativa COVIDMA;EN 5241;Cooperativa de viviendas; 582190.016683283; 6140065.753892033
 370;Cooperativa COVISA;;Cooperativa de viviendas; 583305.177388682; 6139700.663546135
 380;Cooperativa VICMAN;;Cooperativa de viviendas; 580359.481853403; 6140768.883605591
 80;En Vía Pública;2;En via publica; 579983.756712256; 6138565.571925418
 81;En Vía Pública;3;En via publica; 580094.81072615; 6138652.156291118
 86;En Vía Pública;6;En via publica; 579850.716659395; 6138837.69937635
 92;En Vía Pública;9;En via publica; 579338.441381617; 6138899.030706332
 96;En Vía Pública;11;En via publica; 579430.248850784; 6138630.105476036
 134;En Vía Pública;21;En via publica; 580410.898084482; 6139019.214159704
 138;En Vía Pública;23;En via publica; 580801.820009688; 6139083.604944908
 159;En Vía Pública;37;En via publica; 581519.13399909; 6138254.479201499
 170;En Vía Pública;44;En via publica; 580419.285386583; 6138378.001474844
 199;En Vía Pública;42;En via publica; 580472.037175888; 6137939.794082002
 79;En Vía Pública;1;En via publica; 580419.21875241; 6138667.104790005
 87;En Vía Pública;7;En via publica; 580001.88524399; 6139010.914306939
 91;En Vía Pública;8;En via publica; 579681.986643495; 6139008.672273269
 101;En Vía Pública;12;En via publica; 579348.792909111; 6139154.337441618
 105;En Vía Pública;14;En via publica; 579959.204733644; 6139130.061410791
 107;En Vía Pública;15;En via publica; 580166.840947228; 6138927.046858137
 109;En Vía Pública;16;En via publica; 580407.32957036; 6138931.363894688
 111;En Vía Pública;17;En via publica; 580526.080641836; 6138931.823249288
 140;En Vía Pública;24;En via publica; 581077.925666578; 6139035.549353906
 144;En Vía Pública;26;En via publica; 581533.711569963; 6138972.451151567
 145;En Vía Pública;27;En via publica; 582469.423881693; 6138821.994962068
 146;En Vía Pública;28;En via publica; 582358.023623764; 6139226.638964125
 149;;30;En via publica; 582488.877253743; 6138069.503508916
 150;En Vía Pública;31;En via publica; 582585.923640272; 6138301.631115803
 154;En Vía Pública;34;En via publica; 582789.46907283; 6138559.145164996
 155;;35;En via publica; 582936.846928476; 6138334.478886062
 165;En Vía Pública;40;En via publica; 580733.519166402; 6138299.552858191
 166;En Vía Pública;41;En via publica; 580654.045301034; 6138043.86115172
 168;En Vía Pública;43;En via publica; 580267.685747765; 6138509.904702085
 171;En Vía Pública;45;En via publica; 580235.077041705; 6138147.13528965
 177;En Vía Pública;46;En via publica; 580036.564651758; 6138020.994910154
 189;En Vía Pública;49;En via publica; 581283.804627138; 6138640.035946466
 194;En Vía Pública;52;En via publica; 581609.129127672; 6138688.439515848
 85;En Vía Pública;5;En via publica; 579544.1821384; 6138490.924379899
 104;En Vía Pública;13;En via publica; 579588.564423532; 6139142.950246472
 113;En Vía Pública;18;En via publica; 580650.748914121; 6138612.482341316
 83;En Vía Pública;4;En via publica; 579769.905606092; 6138529.895924659
 95;En Vía Pública;10;En via publica; 579592.607794161; 6138835.126698282
 117;En Vía Pública;19;En via publica; 580501.233856511; 6138535.869800215
 118;En Vía Pública;20;En via publica; 579895.070666096; 6138364.111542242
 136;En Vía Pública;22;En via publica; 580769.036045322; 6138938.215189896
 143;En Vía Pública;25;En via publica; 581197.367729781; 6139029.343508326
 147;En Vía Pública;29;En via publica; 582628.419661889; 6138870.635549109
 153;En Vía Pública;32;En via publica; 582636.941116734; 6138509.167935802
 156;En Vía Pública;35;En via publica; 582766.00988708; 6138148.986098643
 158;En Vía Pública;36;En via publica; 581585.177057743; 6138171.806595709
 161;En Vía Pública;38;En via publica; 581439.312172805; 6138462.58610573
 163;En Vía Pública;39;En via publica; 581332.593338336; 6138181.20015371
 183;En Vía Pública;47;En via publica; 580812.081379045; 6138454.953749408
 185;En Vía Pública;48;En via publica; 580913.414697762; 6138508.231241714
 192;En Vía Pública;50;En via publica; 581323.422598853; 6138789.745778644
 193;En Vía Pública;51;En via publica; 581674.326313623; 6138724.82094816
 196;En Vía Pública;30;En via publica; 582337.028162627; 6138540.198981327
 409;En Vía Pública;C1-n45, En 1327;En via publica; 572553.982929512; 6136859.646760105
 406;En Vía Pública;C1-n35, Fte 1480;En via publica; 571820.709279012; 6136870.12644363
 887;En vía pública;C5-n3, En 1579;En via publica; 574440.806587734; 6137531.642674386
 468;En Vía Pública;C4-n4, Fte. 1462;En via publica; 574338.397293358; 6137366.875392124
 490;En Vía Pública;C4-n45, En 1183;En via publica; 574205.042818881; 6136752.392245594
 498;En Vía Pública;C4-n63, Fte. 1369;En via publica; 574082.691985246; 6137150.304574507
 499;En Vía Pública;C4-n66;En via publica; 574064.237920033; 6137373.222291886
 1011;En vía pública;C7-n11, Fte. 1637;En via publica; 576107.523353676; 6137997.7900455
 524;En Vía Pública;C2-n6, en el 1428;En via publica; 573148.630261344; 6137200.258608918
 585;En Vía Pública;C2-77, Fte. 1494;En via publica; 573432.888317662; 6137353.470812159
 613;En vía pública;C3-n16, esq. Rondeau;En via publica; 573876.588785933; 6137156.904125025
 892;En vía pública;C5-n11, En 1382;En via publica; 574442.252619777; 6137201.080575525
 648;En vía pública;C3-n42, Fte. 1186;En via publica; 573688.68454212; 6136746.313605068
 657;En vía pública;C3-n47, En 1024;En via publica; 573831.536563504; 6136400.656327162
 673;En vía pública;C3-n70;En via publica; 573634.2586533; 6137573.031058824
 1021;En vía pública;C7-n39;En via publica; 575717.479398558; 6138297.217142463
 1068;En vía pública;C8-n48;En via publica; 575530.526666497; 6137441.870868308
 1069;En vía pública;C8-n50;En via publica; 575565.148825485; 6137279.802577374
 1070;En vía pública;C8-n51, Fte 1395;En via publica; 575612.361439996; 6137337.59355937
 1071;En vía pública;C8-n54;En via publica; 575631.616361945; 6137115.966120764
 1072;En vía pública;C8-n60, Entre 1253/1255;En via publica; 575515.305675189; 6137046.44174005
 1073;En vía pública;c10_n1_Fte al 1312;En via publica; 574409.98639735; 6137058.213900357
 1074;En vía pública;c10_n2_Entre el 1213/1217;En via publica; 574425.985093174; 6136854.661647218
 1077;En vía pública;c10_n5_En el 1155;En via publica; 574435.839232981; 6136742.981396075
 1078;En vía pública;c10_n7_Entre el 1101/1117;En via publica; 574442.737130845; 6136649.038596584
 1079;En vía pública;C8-n62, Pasando el 1324;En via publica; 575517.951174938; 6137181.375040783
 1080;En vía pública;c10_n9_;En via publica; 574458.175283209; 6136474.620322004
 1082;En vía pública;c10_n10;En via publica; 574470.657193631; 6136297.902748137
 1083;En vía pública;C8-n64, En 1354;En via publica; 575509.711735768; 6137270.530261199
 1084;En vía pública;C8-n68, Fte 1940;En via publica; 575467.69460945; 6137498.40172333
 1085;En vía pública;C8-n69, En 1476;En via publica; 575282.496955705; 6137465.249716142
 1089;En vía pública;C8-n71, Entre 1444/1442;En via publica; 575315.92368779; 6137394.481245158
 1088;En vía pública;c10_n13_Entre el 908/912;En via publica; 574694.017695918; 6136261.113959525
 1094;En vía pública;C8-n74;En via publica; 575389.77597014; 6137197.469946062
 1093;En vía pública;c10_n15_Entre el 944/942;En via publica; 574606.644322964; 6136321.552683673
 1095;En vía pública;C8-n75, En 1279;En via publica; 575399.686849661; 6137102.108439927
 1101;En vía pública;C8-n76, Al lado 1224 - Muro;En via publica; 575425.679186827; 6136975.579704295
 1106;En vía pública;C8-n79, Fte 1980;En via publica; 575491.886083382; 6136915.74828667
 452;En Vía Pública;C1-n14, entre el 334/324;En via publica; 572390.337263964; 6136612.574361802
 471;En Vía Pública;C4-n7, En 1379;En via publica; 574434.96712784; 6136135.163775001
 478;En Vía Pública;C4-n20, Fte 1235;En via publica; 574310.666526681; 6136880.788519274
 480;En Vía Pública;C4-n23, En 1367;En via publica; 574276.474262018; 6137161.71968172
 488;En Vía Pública;C4-n37;En via publica; 574172.998363523; 6137294.500394782
 489;En Vía Pública;C4-n43, Fte. 1262;En via publica; 574191.963163456; 6136934.815193241
 492;En Vía Pública;C4-n49;En via publica; 574227.1360309; 6136472.49137164
 516;En Vía Pública;C2-n2;En via publica; 573120.535275885; 6137506.40582605
 520;En Vía Pública;C2-n3, En 1524;En via publica; 573130.655614042; 6137407.583700511
 796;En vía pública;C2-n8, Fte. 1289;En via publica; 573170.121319796; 6136915.885864708
 812;En vía pública;C2-n23;En via publica; 573263.999671088; 6136868.687576544
 528;En Vía Pública;C2-n12;En via publica; 573172.922908701; 6136709.280367632
 550;En Vía Pública;C2-n32, Entre 1547/1545;En via publica; 573218.650401627; 6137449.840404481
 558;En Vía Pública;C2-n38, En el 1456;En via publica; 573347.802840755; 6137279.021019861
 570;En Vía Pública;C2-n56, fte.875;En via publica; 573342.40854448; 6136527.745447166
 586;En Vía Pública;C2-n79,fte. 1558;En via publica; 573422.708739596; 6137497.85861519
 588;En Vía Pública;C2-81, Fte. 1594;En via publica; 573419.274641357; 6137560.228521043
 597;En vía pública;C3-n4, Fte. 1005;En via publica; 573934.957951663; 6136403.645208031
 612;En vía pública;C3-n12;En via publica; 573883.836510042; 6136897.042896084
 631;En vía pública;C3-n22, en 1640;En via publica; 573866.745534234; 6137698.340069608
 760;En Vía Pública;C1-n38, Fte. 1467;En via publica; 572021.271001775; 6136926.746974418
 637;En vía pública;C3-n28, 1535 s_acera;En via publica; 573727.898687781; 6137462.538320546
 647;En vía pública;C3-n39;En via publica; 573674.578178592; 6136913.694046416
 666;En vía pública;C3-n57;En via publica; 573764.832694695; 6137051.675730694
 667;En vía pública;C3-n61;En via publica; 573754.751354522; 6137167.320914506
 761;En Vía Pública;C1-n39, Fte. 1430;En via publica; 572038.189132748; 6136859.026535788
 672;En vía pública;C3-n68, En 1515;En via publica; 573633.116084862; 6137433.222603587
 675;En vía pública;C3-n73, Fte. 1664;En via publica; 573609.28884747; 6137729.510074764
 767;En Vía Pública;C1-n58, En 1436;En via publica; 572222.954424927; 6136939.890829167
 685;En vía pública;C3-n75, En 1567;En via publica; 573522.782105238; 6137520.2273896
 765;En vía pública;C1-n56,entre el 1524/1526;En via publica; 572164.406900734; 6137102.361925374
 693;En vía pública;C3-n78, En 1437;En via publica; 573544.78097635; 6137232.021584128
 695;En vía pública;C3-n83;En via publica; 573582.084608706; 6136983.376572203
 696;En vía pública;C3-n85, Fte 1205;En via publica; 573596.526392562; 6136775.84030026
 723;En vía pública;C3-n41;En via publica; 573684.265055386; 6136787.057014635
 732;En vía pública;C3-n56, en 1308;En via publica; 573785.172764176; 6137003.762111289
 733;En vía pública;C3-n58, en 1341;En via publica; 573763.851851783; 6137061.974581269
 738;En vía pública;C3-n62;En via publica; 573755.218179347; 6137170.462571756
 788;En Vía Pública;C1-n93, ;En via publica; 572705.934888952; 6137281.463085511
 775;En vía pública;C1-n76, En 1470;En via publica; 572553.527984306; 6137153.775879028
 413;En Vía Pública;C1-n51;En via publica; 572281.442173909; 6137050.613008819
 461;En Vía Pública;C1-n21, Fte. 235;En via publica; 572241.496004344; 6136557.587012179
 483;En Vía Pública;C4-n29;En via publica; 574241.966195761; 6137617.1700724
 486;En Vía Pública;C4-n33, Fte. 1591;En via publica; 574149.113252182; 6137619.84783195
 497;En Vía Pública;C4-n60, En 1272;En via publica; 574097.297628432; 6136946.356399278
 707;En vía pública;C3-n21, en 1494;En via publica; 573858.076239205; 6137385.903210768
 605;En vía pública;C3-n7, en 1110;En via publica; 573917.772767854; 6136603.677317788
 610;En vía pública;C3-n6, Fte. 1056;En via publica; 573913.42340833; 6136492.788201363
 724;En vía pública;C3-n45;En via publica; 573700.24202016; 6136582.881468236
 721;En vía pública;C3-n31, esq. Libertador;En via publica; 573701.865393936; 6137299.071300534
 728;En vía pública;C3-n53, en 1300;En via publica; 573787.270712945; 6136988.311538287
 751;En vía pública;C3-n90, en 1130;En via publica; 573607.587207453; 6136609.264162528
 737;En vía pública;C3-n60, en 1367;En via publica; 573760.904813425; 6137100.473229262
 746;En vía pública;C3-n86, Fte 1205;En via publica; 573597.016814017; 6136771.916928613
 756;En Vía Pública;C1-n17;En via publica; 572217.377321858; 6136649.01057858
 758;En Vía Pública;C1-n31, entre el 1528/1544;En via publica; 571890.652954622; 6136993.501896114
 759;En Vía Pública;C1-n33;En via publica; 571971.977495362; 6137033.143441272
 763;En vía pública;C1-n53;En via publica; 572224.015799152; 6137187.63093001
 768;En Vía Pública;C1-n66, En 1318;En via publica; 572487.534131843; 6136790.581237145
 769;En Vía Pública;C1-n69;En via publica; 572735.609524288; 6136977.718055121
 826;En vía pública;C2-n50, En1241;En via publica; 573371.638241155; 6136818.251107066
 827;En Vía Pública;C2-n54;En via publica; 573385.390689767; 6136651.569541474
 829;En vía pública;C2-n58;En via publica; 573511.202756693; 6136516.241115317
 1035;En vía pública;C7-n61, En 2166;En via publica; 576023.165720847; 6137812.528158702
 835;En vía pública;C2-n68, En 1306;En via publica; 573476.897505341; 6136974.983176993
 836;En vía pública;C2-n74;En via publica; 573446.092855467; 6137190.38705221
 867;En vía pública;C4-n67, Fte. 1513;En via publica; 574058.957876118; 6137454.467819064
 876;En vía pública;C4-n83, En 1275;En via publica; 573986.014289997; 6136926.682873793
 1012;En vía pública;C7-n64;En via publica; 576124.970873634; 6137799.809728759
 1022;En vía pública;C7-n41;En via publica; 575703.172215802; 6138447.964474877
 1029;En vía pública;C7-n51;En via publica; 575915.236588673; 6137932.745034003
 1037;En vía pública;C7-n67;En via publica; 575974.642953331; 6138154.410926293
 1038;En vía pública;C7-n69;En via publica; 575956.478139471; 6138315.788056624
 1041;En vía pública;C7-n73;En via publica; 576014.669756898; 6138292.513077583
 1045;En vía pública;C7-n31, En 1639;En via publica; 575806.096362104; 6137862.171340879
 1047;En vía pública;C8-n3, En 2006;En via publica; 575624.955293457; 6137619.524208348
 1054;En vía pública;C8-n13;En via publica; 575812.228642949; 6137514.526906728
 1057;En vía pública;C8-n19;En via publica; 575818.009092729; 6137260.630796489
 1059;En vía pública;C8-n17, Fte 1405;En via publica; 575821.840781344; 6137387.676303724
 1067;En vía pública;C8-n46;En via publica; 575498.993100352; 6137560.256760932
 1092;En vía pública;C8-n73, En 1372;En via publica; 575374.010798046; 6137265.911486203
 1091;En vía pública;c10_n14_En el 932;En via publica; 574648.031710153; 6136291.990264253
 426;En Vía Pública;C1-n61, En 1535;En via publica; 572410.24384024; 6137223.23689517
 432;En Vía Pública;C1-n74, En 1549;En via publica; 572494.257711406; 6137280.136378495
 434;En Vía Pública;C1-n78;En via publica; 572645.876745352; 6136882.340422135
 462;En Vía Pública;C1-n25, Fte. al 1244;En via publica; 572162.217054486; 6136519.382949991
 799;En vía pública;C2-n10, En 1233;En via publica; 573166.073215126; 6136790.394619944
 466;En Vía Pública;C1-n41, En 250;En via publica; 572111.425526723; 6136927.040168482
 465;En Vía Pública;C4-n1, En 1591 ;En via publica; 574315.854485247; 6137634.92580365
 898;En vía pública;C5-n25, Fte. 1612;En via publica; 574578.926107519; 6137654.981950872
 472;En Vía Pública;C4-n51, Fte. 862;En via publica; 574267.656949852; 6136157.539273716
 475;En Vía Pública;C4-n12;En via publica; 574346.51537682; 6136428.650755824
 481;En Vía Pública;C4-n25;En via publica; 574265.205960614; 6137317.527746404
 899;En vía pública;C5-n26, Fte. 1668;En via publica; 574686.214255728; 6137714.597784611
 493;En Vía Pública;C1-n44;En via publica; 572104.830616218; 6136670.198491617
 500;En Vía Pública;C4-n68;En via publica; 574049.541140003; 6137562.867213955
 896;En vía pública;C5-n14, Fte. 1499;En via publica; 574405.409537139; 6137437.589396324
 510;En Vía Pública;C4-n87;En via publica; 573999.931024734; 6136708.813277592
 511;En Vía Pública;C4-n89_S/N;En via publica; 574011.427990757; 6136568.236771793
 531;En Vía Pública;C2-n17;En via publica; 573392.593778122; 6136571.76283149
 545;En Vía Pública;C2-n27, En 1378;En via publica; 573258.158871003; 6137104.013023193
 549;En Vía Pública;C2-n31, Fte. 1495;En via publica; 573239.687378827; 6137335.419772393
 823;En vía pública;C2-n47, entre el 1277/1281;En via publica; 573363.91762946; 6136904.662568732
 560;En Vía Pública;C2-n41, En 1395;En via publica; 573346.101131217; 6137146.287675886
 567;En Vía Pública;C2-n48, En 1257;En via publica; 573368.223355213; 6136866.35645686
 568;En Vía Pública;C2- n51;En via publica; 573376.306475519; 6136777.442133493
 569;En Vía Pública;C2-n54;En via publica; 573385.665877979; 6136652.791909823
 574;En Vía Pública;C2-n60, En 1148;En via publica; 573501.382126573; 6136630.244258443
 575;En Vía Pública;C2-n62;En via publica; 573494.149861036; 6136732.772258117
 577;En Vía Pública;C2-n64, En 1246;En via publica; 573485.641313345; 6136840.83081379
 578;En Vía Pública;C2-n66, En 1294;En via publica; 573478.409047808; 6136942.507958694
 900;En vía pública;C5-n28;En via publica; 574650.015946208; 6137618.471360678
 615;En vía pública;C3-n19, En 1440;En via publica; 573864.322612506; 6137287.845526354
 762;En vía pública;C1-n47;En via publica; 572484.372714567; 6137032.862400491
 745;En vía pública;C3-n77, esq. Uruguay;En via publica; 573531.719049793; 6137391.553201024
 780;En vía pública;C1-n85, En 1388;En via publica; 572796.63619015; 6137073.141777555
 784;En vía pública;C1-n88;En via publica; 573005.698464762; 6136959.684477405
 787;En vía pública;C1-n90, En muro 1443;En via publica; 573035.965138918; 6137289.423654957
 791;En vía pública;C1-n95, En 1466;En via publica; 572822.711032301; 6137244.836198512
 793;En vía pública;C1-n97;En via publica; 572749.378247343; 6137385.984691031
 802;En vía pública;C2-n13, En 1157;En via publica; 573178.663603596; 6136645.80323898
 808;En vía pública;C2-n18, En 1163;En via publica; 573279.500169841; 6136672.807130909
 811;En vía pública;C2-n21, En 1215/1217;En via publica; 573269.39429485; 6136779.56064643
 813;En vía pública;C2-n24_en el 1297;En via publica; 573258.605035072; 6136920.181829417
 906;En vía pública;C5-n31, En 1400;En via publica; 574762.670980291; 6137312.29615374
 910;En vía pública;C5-n35;En via publica; 574637.310940701; 6137391.154895071
 911;En vía pública;C5-n36;En via publica; 574596.658208877; 6137491.803867423
 921;En vía pública;C5-n44;En via publica; 574657.315082048; 6137977.766348747
 930;En vía pública;C5-n53;En via publica; 574776.192117034; 6137497.855874416
 396;En Vía Pública;C1-n10;En via publica; 572503.049476584; 6136653.838651218
 397;En Vía Pública;C1-n12;En via publica; 572404.099679735; 6136714.080037212
 883;En vía pública;C5-n2, En 1607;En via publica; 574349.840805071; 6137709.419542333
 888;En vía pública;C5-n5, Fte. 1532;En via publica; 574491.911508811; 6137443.694670672
 430;En Vía Pública;C1-n71, Fte. 1426;En via publica; 572672.84770111; 6137104.116697702
 890;En vía pública;C5-n9;En via publica; 574589.788640208; 6137235.789496598
 722;En vía pública;C3-n37;En via publica; 573671.897250187; 6136938.635694958
 632;En vía pública;C3-n26, Fte. 1691;En via publica; 573724.244064609; 6137770.416011762
 639;En vía pública;C3-n33;En via publica; 573671.379420054; 6137127.885917495
 669;En vía pública;C3-n64, En 1472;En via publica; 573757.118557222; 6137339.59899358
 713;En vía pública;C3-n24, en 1178;En via publica; 573888.225547194; 6137614.412296702
 726;En vía pública;C3-n46, Fte. 1078;En via publica; 573706.504763851; 6136514.850266377
 747;En vía pública;C3-n87;En via publica; 573604.232039786; 6136679.09987453
 739;En vía pública;C3-n63;En via publica; 573765.603652598; 6137226.47323331
 897;En vía pública;C5-n17, Fte. 1700;En via publica; 574455.877155868; 6137703.03628934
 901;En vía pública;C5-n29;En via publica; 574677.53645752; 6137561.098792781
 903;En vía pública;C5-n30, En 1499;En via publica; 574699.681193846; 6137470.364863118
 909;En vía pública;C5-n34, En 1500;En via publica; 574656.921935608; 6137342.155294133
 913;En vía pública;C5-n38, En 1606/1610;En via publica; 574575.265451216; 6137545.880004842
 918;En vía pública;C5-n41, Fte. 1803;En via publica; 574572.901680603; 6137983.223942975
 923;En vía pública;C5-n47, en el 1607;En via publica; 574777.316446783; 6137732.31519633
 925;En vía pública;C5-n49, Fte. 1539;En via publica; 574839.816119015; 6137636.649138764
 926;En vía pública;C5-n50, Fte.1505;En via publica; 574867.745552628; 6137579.007541737
 931;En vía pública;C5-n54;En via publica; 574758.377575405; 6137582.988339546
 935;En vía pública;C5-n56;En via publica; 574818.536998302; 6137886.075267926
 936;En vía pública;C5-n57, Fte. 1760;En via publica; 574762.47567437; 6137976.923978368
 939;En vía pública;C5-n58, En 1807/1809;En via publica; 574725.066511766; 6138047.476725725
 941;En vía pública;C5-n62;En via publica; 575006.559799094; 6137774.88805664
 942;En vía pública;C5-n64;En via publica; 575060.102424382; 6137666.417980446
 943;En vía pública;C5-n66, Fte. 1506;En via publica; 575145.321114195; 6137496.37297963
 944;En vía pública;C5-n67;En via publica; 575157.205979562; 6137501.721169044
 945;En vía pública;C5-n68;En via publica; 575020.036662289; 6137465.100782285
 946;En vía pública;C5-n70, Fte. 1543;En via publica; 574972.582529546; 6137586.236832769
 947;En vía pública;C5-n72;En via publica; 574919.799942057; 6137680.676882605
 949;En vía pública;C5-n73, En1798;En via publica; 575103.756101756; 6137558.033926086
 950;En vía pública;C5-n74, Fte. 1713;En via publica; 574933.010587083; 6137483.146949045
 951;En vía pública;C5-n75;En via publica; 574714.384171122; 6137377.885357245
 952;En vía pública;C5-n76;En via publica; 574683.950403336; 6137364.548783037
 953;En vía pública;C5-n77;En via publica; 574611.865204006; 6137327.276096757
 954;En vía pública;C5-n78, En 1462;En via publica; 574456.599274267; 6137247.800970813
 957;En vía pública;C5-n79;En via publica; 574421.688426658; 6137252.12399176
 961;En vía pública;C6-n2;En via publica; 575389.833911193; 6138447.358323547
 962;En vía pública;C6-n4;En via publica; 575257.596487384; 6138422.476001157
 963;En vía pública;C6-n7;En via publica; 575448.319562322; 6138347.553933336
 420;En Vía Pública;C1-n54, Entre el 1564/1566;En via publica; 572316.226665338; 6137238.801161131
 427;En Vía Pública;C1-n64, En 1422;En via publica; 572410.24384024; 6136988.023219957
 428;En Vía Pública;C1-n67, En 1318;En via publica; 572486.825036822; 6136791.707930309
 794;En vía pública;C2-n1, Fte. 1641;En via publica; 573115.153821389; 6137621.463859178
 436;En Vía Pública;C1-n80, Fte. 1399;En via publica; 572981.375320855; 6137147.943461072
 439;En Vía Pública;C1-n83, En 1508;En via publica; 572908.44084792; 6137375.255901716
 441;En Vía Pública;C1-n87, en el 1322;En via publica; 572851.753680253; 6136937.435518011
 964;En vía pública;C6-n10, Fte. 2042;En via publica; 575474.151794266; 6138258.933957432
 755;En vía pública;C1-n3, En 1268 muro;En via publica; 573105.392743094; 6136859.977909824
 843;En vía pública;C2-n53, En 1195 casi esquina;En via publica; 573377.842244101; 6136726.696797734
 965;En vía pública;C6-n11, Fte. 1990;En via publica; 575368.699736573; 6138247.499396959
 966;En vía pública;C6-n19;En via publica; 574787.932363708; 6138176.830562555
 969;En vía pública;C6-n23;En via publica; 575154.572914222; 6138133.133210213
 970;En vía pública;C6-n24, Fte. 1939;En via publica; 575248.548137023; 6138034.072269473
 972;En vía pública;C6-n28, En1615;En via publica; 575430.706691522; 6137910.079996357
 973;En vía pública;C6-n31;En via publica; 575534.124981713; 6137932.994022915
 974;En vía pública;C6-n34;En via publica; 575512.829808564; 6138127.802621898
 975;En vía pública;C6-n36;En via publica; 575491.94981301; 6138293.237988917
 976;En vía pública;C6-n37;En via publica; 575483.367559623; 6138391.408381058
 977;En vía pública;C6-n40, Fte. 1904;En via publica; 575558.588610249; 6138386.80889014
 978;En vía pública;C6-n41;En via publica; 575576.917015441; 6138190.59573623
 979;En vía pública;C6-n44;En via publica; 575644.068463749; 6137887.017358226
 981;En vía pública;C6-n45, En 1644;En via publica; 575697.26052302; 6137826.618447732
 982;En vía pública;C6-n47;En via publica; 575717.690543411; 6137768.897184579
 983;En vía pública;C6-n48;En via publica; 575720.067516485; 6137765.331724969
 984;En vía pública;C6-n50;En via publica; 575077.869035659; 6137908.967314536
 985;En vía pública;C6-n50;En via publica; 574884.894960895; 6138232.717839026
 986;En vía pública;C6-n52, Fte. 1828;En via publica; 574991.752186789; 6138136.802106323
 990;En vía pública;C6-n59, En 1614;En via publica; 575342.160381132; 6137830.009788247
 992;En vía pública;C6-n60, Fte. 1510;En via publica; 575469.842202693; 6137646.334363805
 994;En vía pública;C6-n62;En via publica; 575162.677572092; 6137797.805247136
 996;En vía pública;C6-n64, Fte. 1579;En via publica; 575200.169270359; 6137652.74795077
 998;En vía pública;C6-n68, 1507/1511;En via publica; 575230.195869745; 6137544.011969937
 999;En vía pública;C6-n68, Fte. 1561;En via publica; 575572.462625868; 6137705.478452591
 1001;En vía pública;C6-n70;En via publica; 575552.905410183; 6137746.767781293
 1002;En vía pública;C6-n66;En via publica; 575213.718878492; 6137612.601603108
 1004;En vía pública;C6-n76, En 1755;En via publica; 575283.72554198; 6138141.954662223
 1005;En vía pública;C6-n20;En via publica; 575049.479120703; 6138280.530439149
 1007;En vía pública;C7-n4, Fte. 2231;En via publica; 576008.30987402; 6138498.830956574
 1008;En vía pública;C7-n5;En via publica; 576087.36202615; 6138244.32602902
 1009;En vía pública;C7-n6;En via publica; 576094.895662337; 6138170.657840294
 1010;En vía pública;C7-n9;En via publica; 576107.374770972; 6138029.822185698
 1019;En vía pública;C7-n33, Fte. 1666;En via publica; 575766.422177632; 6137948.126900205
 1023;En vía pública;C7-n44;En via publica; 575822.535861009; 6138511.283988963
 1024;En vía pública;C7-n47;En via publica; 575838.271640567; 6138330.14237776
 1025;En vía pública;C7-n49;En via publica; 575849.772356576; 6138195.916177519
 391;En Vía Pública;C1-n1, Plazoleta Dr. John Street;En via publica; 573056.883236392; 6136598.99935822
 394;En Vía Pública;C1-n6, Fte 579;En via publica; 572860.726545323; 6136787.499274199
 395;En Vía Pública;C1-n7;En via publica; 572701.566065895; 6136719.331932048
 404;En Vía Pública;C1-n28,en el 1384;En via publica; 571991.734187384; 6136734.915693894
 856;En vía pública;C4-n40, En 1335;En via publica; 574178.009189362; 6137089.784999326
 425;En Vía Pública;C1-n60;En via publica; 572289.901959897; 6136758.279630215
 857;En vía pública;C4-n52;En via publica; 574118.174380734; 6136318.834862053
 862;En vía pública;C4-n53;En via publica; 574131.164990156; 6136393.53086623
 863;En vía pública;C4-n55;En via publica; 574128.746018673; 6136572.934234025
 447;En Vía Pública;C1-n91, fte. 1585;En via publica; 572663.149734619; 6137411.128298135
 866;En vía pública;C4-n61, En 1350;En via publica; 574087.489199314; 6137095.444521883
 874;En vía pública;C4-n70, En 1660;En via publica; 574037.959008157; 6137748.320349501
 457;En Vía Pública;C1-n15, en el 294;En via publica; 572322.320783306; 6136586.295267003
 482;En Vía Pública;C4-n27, En el 1508;En via publica; 574266.022816549; 6137467.210562678
 491;En Vía Pública;C4-n47, En 1131;En via publica; 574212.032308605; 6136654.18684125
 907;En vía pública;C5-n33;En via publica; 574672.065813498; 6137303.16748446
 880;En vía pública;C4-n91;En via publica; 574023.090990692; 6136321.464871388
 505;En Vía Pública;C4-n77;En via publica; 573943.721590899; 6137447.278771938
 889;En vía pública;C5-n7, Fte. 1492;En via publica; 574523.233703665; 6137377.35356667
 530;En Vía Pública;C2-n15;En via publica; 573283.651314425; 6136609.267614075
 895;En vía pública;C5-n12, En 1446;En via publica; 574422.048348653; 6137330.625608022
 917;En vía pública;C5-n40, S/N;En via publica; 574610.717190835; 6137870.928041091
 541;En Vía Pública;C2-n25, En 1311;En via publica; 573256.728602969; 6136965.564374492
 548;En Vía Pública;C2-n29, En 1412;En via publica; 573251.488609939; 6137191.752611027
 551;En Vía Pública;C2-n33;En via publica; 573214.218642011; 6137504.922961051
 920;En vía pública;C5-n43, En 1759;En via publica; 574645.923418729; 6138005.523110528
 557;En Vía Pública;C2-n36;En via publica; 573336.316301373; 6137418.135774605
 561;En Vía Pública;C2-n42,  1363/1367/1373;En via publica; 573350.355405062; 6137093.109252819
 572;En Vía Pública;C2-n57, En 1078;En via publica; 573514.570375493; 6136488.576939392
 584;En Vía Pública;C2-n75, En 1443/1445;En via publica; 573442.247720122; 6137241.157982639
 609;En vía pública;C3-n9, Fte. 1191;En via publica; 573906.661843635; 6136757.212277921
 660;En vía pública;C3-n49, En 1128/30;En via publica; 573811.665055141; 6136627.873123508
 928;En vía pública;C5-n51, En 1424;En via publica; 574933.566036981; 6137440.51000149
 646;En vía pública;C3-n34, En 1345;En via publica; 573662.607753143; 6137047.930294069
 664;En vía pública;C3-n51, En 1218;En via publica; 573799.551993618; 6136811.603606517
 665;En vía pública;C3-n52;En via publica; 573793.176514691; 6136898.408204218
 670;En vía pública;C3-n25, En 1640;En via publica; 573766.803826967; 6137461.336863712
 694;En vía pública;C3-n80;En via publica; 573557.531934206; 6137082.443040067
 697;En vía pública;C3-n93;En via publica; 573618.827418511; 6136483.142850985
 929;En vía pública;C5-n52, Fte. 1471;En via publica; 574851.094405359; 6137375.960757071
 940;En vía pública;C5-n60, Fte. 1768;En via publica; 574914.929222675; 6137957.946117033
 1016;En vía pública;C7-n30, Fte. 1612;En via publica; 575824.606701109; 6137822.342597894
 1030;En vía pública;C7-n52;En via publica; 575941.871587514; 6137855.096274743
 1027;En vía pública;C7-n49, fte. 1696;En via publica; 575854.68791101; 6138064.233230996
 1028;En vía pública;C7-n50;En via publica; 575902.195099691; 6137967.47901899
 847;En vía publica;C4-n36, En 1474;En via publica; 574169.066553102; 6137376.525594609
 1032;En vía pública;C7-n59, Fte. 1568;En via publica; 575855.37062911; 6137757.752432018
 851;En vía pública;C4-n39;En via publica; 574169.13256101; 6137208.344104445
 399;En Vía Pública;C1-n22, Entre el 1282/1290;En via publica; 572056.28596093; 6136572.45902764
 1020;En vía pública;C7-n36;En via publica; 575732.983849934; 6138119.831230616
 1031;En vía pública;C7-n53, Entre 1586 y esq.;En via publica; 575960.887372101; 6137816.470462301
 411;En Vía Pública;C1-n49, Fte 344;En via publica; 572334.665984323; 6136864.656942445
 424;En Vía Pública;C1-n59;En via publica; 572255.238592304; 6136858.277023025
 1033;En vía pública;C7-n60, Fte. 2147;En via publica; 575955.421988254; 6137778.656292407
 1396;En Vía Pública;C8,n20,fte.1305;En via publica; 575836.118320924; 6137193.955910863
 431;En Vía Pública;C1-n73, En 1571;En via publica; 572578.016009159; 6137337.34573607
 474;En Vía Pública;C4-n10;En via publica; 574348.198260694; 6136273.290494005
 476;En Vía Pública;C4-n15;En via publica; 574322.296674464; 6136586.423606468
 477;En Vía Pública;C4-n18;En via publica; 574304.675441873; 6136793.729491657
 479;En Vía Pública;C4-n21;En via publica; 574272.550534368; 6137012.330896032
 1040;En vía pública;C7-n71, En 1883;En via publica; 575929.244935096; 6138476.337490454
 487;En Vía Pública;C4-n35;En via publica; 574159.699762634; 6137478.49128704
 496;En Vía Pública;C4-n58, En 1200;En via publica; 574110.607410858; 6136784.537194023
 503;En Vía Pública;C4-n72, Fte. 1682;En via publica; 573920.955840166; 6137780.010436877
 504;En Vía Pública;C4-n75;En via publica; 573931.756103534; 6137604.800671486
 507;En Vía Pública;C4-n79;En via publica; 573957.905867854; 6137252.772556885
 508;En Vía Pública;C4-n82, En 1337 BIS;En via publica; 573971.724480954; 6137071.932625006
 509;En Vía Pública;C4-n85, En 1225;En via publica; 573992.03421413; 6136835.016018596
 523;En Vía Pública;C2-n4, 1470/1472;En via publica; 573139.585324181; 6137290.902154693
 1042;En vía pública;C7-n74;En via publica; 575995.371753218; 6138396.066701325
 559;En Vía Pública;C2-n40;En via publica; 573342.272284756; 6137216.483194334
 564;En Vía Pública;C2-44, ;En via publica; 573371.287697162; 6136961.011011214
 581;En Vía Pública;C2-n69, Enl 1336;En via publica; 573472.02763704; 6137027.593435601
 583;En Vía Pública;C2-n72, En 1389;En via publica; 573452.032549967; 6137139.055410351
 1046;En vía pública;C8-n1;En via publica; 575591.03565772; 6137601.643890768
 1048;En vía pública;C8-n5 , En 2024/2026;En via publica; 575696.79917737; 6137654.587273055
 1049;En vía pública;C8-n6;En via publica; 575789.188264092; 6137699.73415381
 1052;En vía pública;C8-n9, En 1560;En via publica; 575771.419945949; 6137709.869277272
 1053;En vía pública;C8-n11, Esquina en 1496;En via publica; 575788.116895075; 6137595.945467859
 1055;En vía pública;C8-n15, Entre 1444/1448;En via publica; 575816.674719726; 6137454.752414404
 1061;En vía pública;C8-n27, Fte 1148;En via publica; 575745.877479545; 6136908.136500718
 1062;En vía pública;C8-n32, En 1299;En via publica; 575714.836583033; 6137257.692079318
 1060;En vía pública;C8-n24, Entre 1124/1128;En via publica; 575871.216539712; 6136770.542107808
 1063;En vía pública;C8-n37, En 1395;En via publica; 575666.759216862; 6137462.830591938
 1064;En vía pública;C8-n39, En 1413;En via publica; 575645.903586347; 6137510.474596978
 1065;En vía pública;C8-n41, En 1469;En via publica; 575617.175491278; 6137572.415274448
 1066;En vía pública;C8-n43, Fte 1515;En via publica; 575601.981606103; 6137640.19545825
 1117;En vía pública;c10_n17_En el 1510;En via publica; 574700.587122455; 6136344.874147882
 1120;En vía pública;C8-n84, Fte 1434;En via publica; 575061.418002037; 6137378.070318814
 1122;En vía pública;C8-n85, Fte 1434;En via publica; 575064.360530773; 6137371.204418431
 1124;En vía pública;C8-n86, Fte 1412;En via publica; 575081.357700576; 6137337.571210429
 1126;En vía pública;C8-n87;En via publica; 575009.093746034; 6137270.722617106
 1125;En vía pública;c10_n23;En via publica; 574522.227191953; 6136822.471457182
 1129;En vía pública;C8-n92, Entre 1259/1253;En via publica; 575145.924091725; 6137021.197632698
 1134;En vía pública;C8-n99, En 1362;En via publica; 575135.114299345; 6137247.458652542
 1136;En vía pública;C8-n101, Fte 1266;En via publica; 575341.625924468; 6136984.523634925
 1135;En vía pública;c10_n28_En el 1245;En via publica; 574621.425532674; 6136920.027441269
 1143;En vía pública;c10_n33;En via publica; 574652.630308729; 6136513.05146725
 1144;En vía pública;C8-n109, Fte 1401 - Sobre vereda;En via publica; 574910.139765692; 6137257.825656106
 1148;En vía pública;C8-n113, Fte 1345;En via publica; 574811.834664787; 6137174.954570264
 1150;En vía pública;C8-n114, Fte 1312;En via publica; 574833.369076347; 6137111.663383842
 1149;En vía pública;c10_n37_Frente a Plazoleta;En via publica; 574779.091769582; 6136241.077208584
 1151;En vía pública;C8-n117, Fte 1373;En via publica; 574746.283875693; 6137124.927925221
 1153;En vía pública;C8-n119, Entre 1404/1406;En via publica; 574727.083530103; 6137169.50225233
 1156;En vía pública;c10_n41_En el 1092;En via publica; 574748.872407508; 6136629.987259624
 1158;En Vía Pública;C8-n126, S/N - Sobre Vereda;En via publica; 574495.12090732; 6137130.42278434
 1164;En vía pública;c10_n47_Entre el 1286/1292;En via publica; 574713.397504204; 6137051.744443351
 1170;En vía pública;c10_n60;En via publica; 574999.496029927; 6136305.78605998
 1188;En Vía Pública;C3-n13, S/N;En via publica; 573888.977561938; 6136969.492258237
 1190;En vía pública;c10_n84_Fte.1045;En via publica; 575179.169845736; 6136559.36592434
 1191;En vía pública;c10_n87_Fte.1164;En via publica; 575151.24978295; 6136813.274260026
 1376;En vía pública;C12-n5;En via publica; 576326.669977807; 6136403.879772142
 1108;En vía pública;c10_n16_En el 1460;En via publica; 574605.00196633; 6136338.304721344
 1109;En vía pública;C8-n80;En via publica; 575433.026399744; 6137269.362769482
 1121;En vía pública;c10_n20_En el 1098;En via publica; 574538.650758298; 6136613.892164606
 1123;En vía pública;c10_n22_Entre el 1144/1146;En via publica; 574532.08133176; 6136709.805792058
 1128;En vía pública;c10_n25_Entre el 1278/1280;En via publica; 574508.75986755; 6136985.39323532
 1132;En vía pública;c10_n27_Fte.1283;En via publica; 574623.067889309; 6137008.386228203
 1154;En vía pública;c10_n39;En via publica; 574764.310559872; 6136426.991979605
 1155;En vía pública;C8-n120, En 1442;En via publica; 574703.84937341; 6137229.629521174
 1167;En vía pública;c10_n51;En via publica; 574832.304124539; 6136830.354769028
 1168;En vía pública;c10_n57_Fte.948;En via publica; 574887.487307457; 6136356.042172995
 1175;En vía pública;c10_n68_En el 1265;En via publica; 574935.444121183; 6136996.232789105
 1177;En vía pública;c10_n70_Entre el 1734/1736;En via publica; 575009.350169733; 6137027.766036487
 1178;En vía pública;c10_n71_Fte.1235;En via publica; 575048.438257634; 6136992.948075836
 1182;En vía pública;C3-n2, S/N;En via publica; 573960.564413969; 6136221.322353479
 1201;En vía pública;C9-n42;En via publica; 576164.690456274; 6137151.898282165
 1205;En vía pública;C9-n51;En via publica; 576203.868281553; 6136698.049477877
 1206;En vía pública;C9-n53;En via publica; 576210.096221207; 6136590.518468471
 1207;En vía pública;C9-n54;En via publica; 575998.112459327; 6136562.102583919
 1210;En vía pública;C9-n62, Fte. 1144;En via publica; 575952.46866895; 6136922.646325272
 1211;En vía pública;C9-n64;En via publica; 575940.541731358; 6137052.384292685
 1213;En vía pública;C9-n70;En via publica; 575936.789449384; 6137274.581610368
 1218;En vía pública;C9-n79;En via publica; 576008.325896646; 6137683.093730653
 1219;En vía pública;C9-n80, Fte. 1453;En via publica; 576001.361789587; 6137618.3273395
 1224;En vía pública;C9-n84;En via publica; 576013.086577184; 6137436.127529778
 1226;En vía pública;C9-n90;En via publica; 576046.118821141; 6136967.701977422
 1228;En vía pública;C9-n93;En via publica; 576068.993655482; 6136699.354968534
 1246;En vía pública;C11-n14, Fte. 880;En via publica; 575382.849070589; 6136267.82973524
 1247;En vía pública;C11-n13, Fte. 880;En via publica; 575383.443313858; 6136270.206708314
 1248;En vía pública;C11-n16;En via publica; 575379.283610979; 6136329.036791879
 1249;En vía pública;C11-n20, Fte. 1109;En via publica; 575368.313692423; 6136679.048882643
 1255;En vía pública;C11-n33, Fte. 851;En via publica; 575494.599509589; 6136232.887468123
 1256;En vía pública;C11-n35;En via publica; 575595.428759724; 6136257.84081997
 1257;En vía pública;C11-n37;En via publica; 575588.0379979; 6136354.99026871
 1261;En vía pública;C11-n43, Fte. 1198;En via publica; 575529.675951306; 6136865.882294366
 1264;En vía pública;C11-n46, Fte. 1143;En via publica; 575658.358686957; 6136789.349988901
 1270;En vía pública;C11-n55, Fte. 2006;En via publica; 575711.670180272; 6136336.904333263
 1272;En vía pública;C11-n58;En via publica; 575785.025175191; 6136294.37052419
 1273;En vía pública;C11-n60;En via publica; 575640.74616121; 6136230.581531985
 1274;En vía pública;C11-n63;En via publica; 575797.58828778; 6136416.194506599
 1276;En vía pública;C11-n71;En via publica; 575861.478850709; 6136706.895905328
 1278;En vía pública;C11-n75, En 991;En via publica; 575878.934534521; 6136511.146190205
 1281;En vía pública;C11-n78;En via publica; 575887.818659184; 6136398.470071614
 1142;En vía pública;C8-n107, Fte 1447/1441;En via publica; 575230.80597791; 6137360.213101645
 1146;En vía pública;c10_n34_Entre el 973/983;En via publica; 574661.827505882; 6136395.78720355
 1184;En vía pública;c10_n 79_S/N;En via publica; 575098.037427994; 6136267.354914733
 1185;En vía pública;c10_n80_S/N;En via publica; 575098.365899321; 6136262.756316156
 1195;En vía pública;C9-n32;En via publica; 576133.346019163; 6137710.189749923
 1196;En vía pública;C9-n34;En via publica; 576131.278932857; 6137560.000718698
 1200;En vía pública;C9-n36, Fte. 1382;En via publica; 576140.391754559; 6137461.808916206
 1202;En vía pública;C9-n43, Fte. 1197;En via publica; 576170.538427208; 6137073.469036648
 1203;En vía pública;C9-n46;En via publica; 576186.758887831; 6136878.613536721
 1204;En vía pública;C9-n49;En via publica; 576132.561914743; 6136870.175320298
 1208;En vía pública;C9-n58;En via publica; 576013.159151442; 6136714.596622986
 1212;En vía pública;C9-n67;En via publica; 575945.647378947; 6137159.9929534
 1214;En vía pública;C9-n72;En via publica; 575929.59213653; 6137359.727275792
 1215;En vía pública;C9-n74, En 1372 bis;En via publica; 575924.058345745; 6137428.227701316
 1216;En vía pública;C9-n75;En via publica; 575901.307759741; 6137524.477735229
 1217;En vía pública;C9-n77;En via publica; 575896.316746966; 6137582.714159957
 1223;En vía pública;C9-n82, En 1401;En via publica; 576009.086952076; 6137510.769307931
 1225;En vía pública;C9-n86, Fte. 1306;En via publica; 576022.570237326; 6137311.508158501
 1227;En vía pública;C9-n92;En via publica; 576057.703033383; 6136821.174838543
 1233;En vía pública;C9-n100, Fte. 2288/2286;En via publica; 576166.701991254; 6136586.088154793
 1230;En vía pública;C9-n94, En 1013;En via publica; 576076.670525869; 6136601.186840176
 1232;En vía pública;C9-n97, En 963;En via publica; 576086.206768182; 6136487.763942424
 1234;En vía pública;C11-n1;En via publica; 575249.358083551; 6136953.601512024
 1238;En vía pública;C11-n3, En 1144;En via publica; 575272.448392897; 6136765.878708354
 1242;En vía pública;C11-n9, En 915;En via publica; 575292.789934518; 6136326.922534614
 1245;En vía pública;C11-n11;En via publica; 575205.823424576; 6136299.62122992
 1251;En vía pública;C11-n23, En 1221;En via publica; 575336.335948148; 6136915.681520356
 1252;En vía pública;C11-n24, Fte. 1194;En via publica; 575421.234738324; 6136882.839956298
 1253;En vía pública;C11-n25, Fte.1149;En via publica; 575444.992488473; 6136785.960396523
 1254;En vía pública;C11-n32;En via publica; 575472.666540592; 6136293.65804877
 1258;En vía pública;C11-n38, En 960;En via publica; 575581.279445022; 6136442.570862765
 1259;En vía pública;C11-n39;En via publica; 575573.089002996; 6136550.887191806
 1260;En vía pública;C11-n41;En via publica; 575559.641810496; 6136697.260687398
 1262;En vía pública;C11-n45;En via publica; 575641.719875443; 6136835.106720563
 1268;En vía pública;C11-n50, En 1012;En via publica; 575678.817846058; 6136546.216602527
 1269;En vía pública;C11-n51, Fte. 957;En via publica; 575686.850437985; 6136453.181372384
 1271;En vía pública;C11-n56, Fte. 2091;En via publica; 575844.780672387; 6136336.904333263
 1275;En vía pública;C11-n66;En via publica; 575784.239591273; 6136566.123216929
 1277;En vía pública;C11-n73;En via publica; 575868.309407179; 6136624.130310706
 1280;En vía pública;C11-n77;En via publica; 575887.818659184; 6136401.441287955
 1181;En vía pública;C3-n1, S/N;En via publica; 573971.913549047; 6136212.592249573
 1187;En vía pública;c10_n81;En via publica; 575184.425386967; 6136365.567841474
 1194;En vía pública;c10_n89_En el 1240;En via publica; 575149.935897643; 6136987.035591953
 1372;En vía pública;C12-n1, En 1055;En via publica; 576235.706678052; 6136504.752162365
 1374;En vía pública;C12-n2, En 973;En via publica; 576400.488287246; 6136422.851779223
 1388;En vía pública;C12-n28;En via publica; 576314.782936904; 6135506.009887408
 1379;En vía pública;C12-n12, Fte.2232;En via publica; 576254.673101764; 6135663.936150047
 1387;En vía pública;C12-n17, Sobre vereda;En via publica; 576214.632218628; 6136048.999392609
 1389;En vía pública;C12-n30, Fte. 595;En via publica; 576297.359773111; 6135748.346554518
 1393;En Vía Pública;C4-n13, entre el 1363/1367;En via publica; 574388.653355926; 6136389.86520645
 1394;En Vía Pública;C7-n56;En via publica; 575884.781853482; 6137694.742303871
 1395;En Vía Pública;C7, n62;En via publica; 576102.491331565; 6137852.099098356
 1118;En vía pública;C8-n83, En 1496;En via publica; 575356.511899929; 6137520.210402312
 1139;En vía pública;c10_n31_Fte.1105;En via publica; 574654.929608017; 6136644.768469334
 1147;En vía pública;C8-n111, En 1386;En via publica; 574778.70681549; 6137267.634085225
 1152;En vía pública;c10_n38;En via publica; 574771.536929064; 6136342.246377267
 1157;En vía pública;C8-n122, Fte 1390;En via publica; 574616.745428403; 6137179.464929933
 1163;En vía pública;c10_n44_En el 1226;En via publica; 574722.594701357; 6136912.801072077
 1166;En vía pública;c10_n49_Fte.1258;En via publica; 574868.764441824; 6136980.466165416
 1169;En vía pública;c10_n58;En via publica; 574892.742848687; 6136254.873004313
 1171;En vía pública;c10_n64_Entre el 1083/1091;En via publica; 574959.422528046; 6136629.001845642
 1172;En vía pública;c10_n66_Fte.1159;En via publica; 574963.692655295; 6136786.996553876
 1173;En vía pública;c10_n67;En via publica; 574952.196158854; 6136911.815658094
 1180;En vía pública;c10_n73_En el 1195;En via publica; 575045.153544365; 6136861.888016407
 1183;En vía pública;c10_n75;En via publica; 575073.730549804; 6136641.81222739
 1375;En vía pública;C12-n3, En 973;En via publica; 576398.036179967; 6136428.246415239
 1380;En vía pública;C12-n14, Fte. 2210;En via publica; 576212.496856554; 6135767.41507725
 1385;En vía pública;C12-n15, En 2230;En via publica; 576257.629610262; 6135856.53562756
 1386;En vía pública;C12-n16;En via publica; 576218.857777943; 6135970.055885046
 1131;En vía pública;C8-n94, En 1305;En via publica; 575161.618957485; 6137126.132275126
 1137;En vía pública;C8-n102;En via publica; 575349.946347729; 6137087.909978202
 1159;En vía pública;c10_n43;En via publica; 574728.178713914; 6136833.31101097
 1127;En vía pública;C8-n89, Entre 1284/1278;En via publica; 575066.417137974; 6137119.926131933
 1130;En vía pública;c10_n26_En el 1294;En via publica; 574505.146682955; 6137020.868138624
 1133;En vía pública;C8-n98;En via publica; 575153.681121212; 6137202.905505872
 1176;En vía pública;c10_n68;En via publica; 574983.729406236; 6137034.335463025
 65;PUNTA CARRETAS SHOPPING;EN ELLAURI 350;Otras gdes. superficies; 576761.76553498; 6135120.567232714
 68;MONTEVIDEO SHOPPING;EN 1290;Otras gdes. superficies; 578818.872302366; 6137254.356466788
 121;COOPERATIVA BANCARIA;;Otras gdes. superficies; 572448.072666265; 6136858.821783738
 21;Cooperativa Policial;En 1335;Otras gdes. superficies; 574083.769021071; 6138068.436737414
 58;COOPERATIVA F.F.A.A.;;Otras gdes. superficies; 576002.192200096; 6138132.032032752
 84;NUEVOCENTRO;;Otras gdes. superficies; 575911.818235182; 6141086.992570492
 364;PORTONES SHOPPING;;Otras gdes. superficies; 584128.29013862; 6139743.200026801
 130;COOPERATIVA MAGISTERIAL;EN 1730;Otras gdes. superficies; 574964.501493667; 6137491.619834385
 89;MERCADO AGRICOLA;;Otras gdes. superficies; 574569.609990445; 6139208.192353673
 93;COOPERATIVA COSAP;EN 1588;Otras gdes. superficies; 574668.571136625; 6137457.412647141
 98;COOPERATIVA COSAP;EN 1469;Otras gdes. superficies; 574707.819894231; 6137425.1564757
 124;COOPERATIVA MUNICIPAL;;Otras gdes. superficies; 574448.53505198; 6136919.00325672
 112;SHOPPING TRES CRUCES;;Otras gdes. superficies; 576187.681442766; 6138335.08876648
